{"UUID":"E4CHBCXNFxLkVdS2xONdRU","layoutMainAxisSizing":null,"layoutCrossAxisSizing":null,"name":"flutter","isVisible":true,"boundaryRectangle":null,"style":null,"prototypeNodeUUID":null,"child":null,"constraints":null,"debug":false,"pngPath":"/usr/src/app/temp-out/pb-tmp-3d46d111-0007-4292-b0e7-485e9ee39479/kadeca_poc/lib/assets/images","pages":[{"UUID":"0:1","layoutMainAxisSizing":null,"layoutCrossAxisSizing":null,"name":"Home Page","isVisible":true,"boundaryRectangle":null,"style":null,"prototypeNodeUUID":null,"child":null,"constraints":null,"convert":true,"screens":[{"UUID":"60:6","layoutMainAxisSizing":null,"layoutCrossAxisSizing":null,"name":"Home","boundaryRectangle":null,"style":null,"prototypeNodeUUID":null,"child":null,"constraints":null,"convert":true,"imageURI":"https://pbnestcore.blob.core.windows.net/e4chbcxnfxlkvds2xondru/60:6.png","pbdlType":"screen","designNode":{"UUID":"60:6","layoutMainAxisSizing":"NONE","layoutCrossAxisSizing":"NONE","name":"Home","isVisible":true,"style":{"UUID":"","layoutMainAxisSizing":null,"layoutCrossAxisSizing":null,"name":"","isVisible":true,"boundaryRectangle":null,"style":null,"prototypeNodeUUID":"","child":null,"constraints":null,"fills":[{"gradientStops":null,"gradientHandlePositions":[],"imageRef":null,"color":{"a":1.0,"r":0.9019607901573181,"g":0.9019607901573181,"b":0.9019607901573181},"opacity":100,"blendMode":"NORMAL","type":"SOLID","isEnabled":true}],"borderOptions":{"borders":[],"strokeWeight":1.0,"strokeAlign":"INSIDE","strokeJoin":null,"strokeDashes":null,"cornerRadius":null},"effects":[],"textStyle":null,"clipsContent":true,"pbdlType":"style"},"prototypeNodeUUID":null,"child":null,"constraints":null,"backgroundColor":{"a":1.0,"r":0.9019607901573181,"g":0.9019607901573181,"b":0.9019607901573181},"boundaryRectangle":{"constrainProportions":false,"constraints":null,"height":1024.0,"width":1440.0,"x":195.0,"y":-994.0,"z":0.0,"type":"boundaryBox"},"isFlowHome":false,"pbdlType":"artboard","children":[{"UUID":"62:2","layoutMainAxisSizing":"NONE","layoutCrossAxisSizing":"NONE","name":"Navbar","isVisible":true,"boundaryRectangle":{"constrainProportions":false,"constraints":null,"height":57.0,"width":1440.0,"x":195.0,"y":-994.0,"z":0.0,"type":"boundaryBox"},"style":{"UUID":"","layoutMainAxisSizing":null,"layoutCrossAxisSizing":null,"name":"","isVisible":true,"boundaryRectangle":null,"style":null,"prototypeNodeUUID":"","child":null,"constraints":null,"fills":[{"gradientStops":null,"gradientHandlePositions":[],"imageRef":null,"color":{"a":1.0,"r":0.4035833179950714,"g":0.6958333253860474,"b":0.3305208384990692},"opacity":100,"blendMode":"NORMAL","type":"SOLID","isEnabled":true}],"borderOptions":{"borders":[],"strokeWeight":1.0,"strokeAlign":"INSIDE","strokeJoin":null,"strokeDashes":null,"cornerRadius":null},"effects":[],"textStyle":null,"clipsContent":false,"pbdlType":"style"},"prototypeNodeUUID":null,"child":null,"constraints":{"pinLeft":true,"pinRight":false,"pinTop":true,"pinBottom":false,"fixedHeight":true,"fixedWidth":true},"symbolID":"60:8","parameters":null,"overrideValues":[],"sharedNodeSetID":null,"pbdlType":"shared_instance"}]},"isVisible":true},{"UUID":"60:8","layoutMainAxisSizing":null,"layoutCrossAxisSizing":null,"name":"Navbar","boundaryRectangle":null,"style":null,"prototypeNodeUUID":null,"child":null,"constraints":null,"convert":true,"imageURI":"https://pbnestcore.blob.core.windows.net/e4chbcxnfxlkvds2xondru/60:8.png","pbdlType":"screen","designNode":{"UUID":"60:8","layoutMainAxisSizing":"NONE","layoutCrossAxisSizing":"NONE","name":"Navbar","isVisible":true,"boundaryRectangle":{"constrainProportions":false,"constraints":null,"height":57.0,"width":1440.0,"x":195.0,"y":-1245.0,"z":1.0,"type":"boundaryBox"},"style":{"UUID":"","layoutMainAxisSizing":null,"layoutCrossAxisSizing":null,"name":"","isVisible":true,"boundaryRectangle":null,"style":null,"prototypeNodeUUID":"","child":null,"constraints":null,"fills":[{"gradientStops":null,"gradientHandlePositions":[],"imageRef":null,"color":{"a":1.0,"r":1.0,"g":1.0,"b":1.0},"opacity":100,"blendMode":"NORMAL","type":"SOLID","isEnabled":true}],"borderOptions":{"borders":[],"strokeWeight":1.0,"strokeAlign":"INSIDE","strokeJoin":null,"strokeDashes":null,"cornerRadius":null},"effects":[],"textStyle":null,"clipsContent":false,"pbdlType":"style"},"prototypeNodeUUID":null,"child":null,"constraints":{"pinLeft":false,"pinRight":false,"pinTop":false,"pinBottom":false,"fixedHeight":false,"fixedWidth":false},"symbolID":"60:8","overrideProperties":[],"children":[],"pbdlType":"shared_master","componentSetName":null,"sharedNodeSetID":null},"isVisible":true}],"pbdlType":"page"}],"miscPages":[],"sharedStyles":[],"globalStyles":{"UUID":"","layoutMainAxisSizing":null,"layoutCrossAxisSizing":null,"name":"","isVisible":false,"boundaryRectangle":null,"style":null,"prototypeNodeUUID":null,"child":null,"constraints":null,"pbdlType":"global_styles","designSystem":"material","colors":[],"textStyles":[],"themeColors":[],"themeTextStyles":[]},"pbdlType":"project","azure_container_uri":"https://pbnestcore.blob.core.windows.net/e4chbcxnfxlkvds2xondru"}