{"UUID":"E4CHBCXNFxLkVdS2xONdRU","layoutMainAxisSizing":null,"layoutCrossAxisSizing":null,"name":"flutter","isVisible":true,"boundaryRectangle":null,"style":null,"prototypeNodeUUID":null,"child":null,"constraints":null,"debug":false,"pngPath":"/usr/src/app/temp-out/pb-tmp-2bc997e9-ef9e-4f7b-b356-63c731967e42/kadeca/lib/assets/images","pages":[{"UUID":"0:1","layoutMainAxisSizing":null,"layoutCrossAxisSizing":null,"name":"Home Page","isVisible":true,"boundaryRectangle":null,"style":null,"prototypeNodeUUID":null,"child":null,"constraints":null,"convert":true,"screens":[{"UUID":"18:18","layoutMainAxisSizing":null,"layoutCrossAxisSizing":null,"name":"ContactPage","boundaryRectangle":null,"style":null,"prototypeNodeUUID":null,"child":null,"constraints":null,"convert":true,"imageURI":null,"pbdlType":"screen","designNode":{"UUID":"18:18","layoutMainAxisSizing":"NONE","layoutCrossAxisSizing":"NONE","name":"ContactPage","isVisible":true,"style":{"UUID":"","layoutMainAxisSizing":null,"layoutCrossAxisSizing":null,"name":"","isVisible":true,"boundaryRectangle":null,"style":null,"prototypeNodeUUID":"","child":null,"constraints":null,"fills":[{"gradientStops":null,"gradientHandlePositions":[],"imageRef":null,"color":{"a":1.0,"r":1.0,"g":1.0,"b":1.0},"opacity":100,"blendMode":"NORMAL","type":"SOLID","isEnabled":true}],"borderOptions":{"borders":[],"strokeWeight":1.0,"strokeAlign":"INSIDE","strokeJoin":null,"strokeDashes":null,"cornerRadius":null},"effects":[],"textStyle":null,"clipsContent":true,"pbdlType":"style"},"prototypeNodeUUID":null,"child":null,"constraints":null,"backgroundColor":{"a":1.0,"r":1.0,"g":1.0,"b":1.0},"boundaryRectangle":{"constrainProportions":false,"constraints":null,"height":1024.0,"width":1440.0,"x":1371.0,"y":-810.0,"z":0.0,"type":"boundaryBox"},"isFlowHome":false,"pbdlType":"artboard","children":[{"UUID":"18:23","layoutMainAxisSizing":"NONE","layoutCrossAxisSizing":"NONE","name":"Navbar","isVisible":true,"boundaryRectangle":{"constrainProportions":false,"constraints":null,"height":56.0,"width":1440.0,"x":1371.0,"y":-810.0,"z":0.0,"type":"boundaryBox"},"style":{"UUID":"","layoutMainAxisSizing":null,"layoutCrossAxisSizing":null,"name":"","isVisible":true,"boundaryRectangle":null,"style":null,"prototypeNodeUUID":"","child":null,"constraints":null,"fills":[{"gradientStops":null,"gradientHandlePositions":[],"imageRef":null,"color":{"a":1.0,"r":0.0,"g":0.5686274766921997,"b":0.9176470637321472},"opacity":100,"blendMode":"NORMAL","type":"SOLID","isEnabled":true}],"borderOptions":{"borders":[],"strokeWeight":1.0,"strokeAlign":"INSIDE","strokeJoin":null,"strokeDashes":null,"cornerRadius":null},"effects":[],"textStyle":null,"clipsContent":false,"pbdlType":"style"},"prototypeNodeUUID":null,"child":null,"constraints":{"pinLeft":true,"pinRight":true,"pinTop":true,"pinBottom":false,"fixedHeight":true,"fixedWidth":false},"symbolID":"18:22","parameters":null,"overrideValues":[{"UUID":"18:33","layoutMainAxisSizing":null,"layoutCrossAxisSizing":null,"name":"Kadeca","isVisible":true,"boundaryRectangle":null,"style":null,"prototypeNodeUUID":null,"child":null,"constraints":{"pinLeft":true,"pinRight":false,"pinTop":false,"pinBottom":false,"fixedHeight":true,"fixedWidth":true},"value":{"UUID":"I18:23;18:33","layoutMainAxisSizing":"NONE","layoutCrossAxisSizing":"NONE","name":"Kadeca","isVisible":true,"boundaryRectangle":{"constrainProportions":false,"constraints":null,"height":23.0,"width":67.0,"x":1388.0,"y":-794.0,"z":0.0,"type":"boundaryBox"},"style":{"UUID":"","layoutMainAxisSizing":null,"layoutCrossAxisSizing":null,"name":"","isVisible":true,"boundaryRectangle":null,"style":null,"prototypeNodeUUID":"","child":null,"constraints":null,"fills":[{"gradientStops":null,"gradientHandlePositions":[],"imageRef":null,"color":{"a":1.0,"r":0.0,"g":0.0,"b":0.0},"opacity":100,"blendMode":"NORMAL","type":"SOLID","isEnabled":true}],"borderOptions":{"borders":[],"strokeWeight":1.0,"strokeAlign":"OUTSIDE","strokeJoin":null,"strokeDashes":null,"cornerRadius":null},"effects":[],"textStyle":{"UUID":"","layoutMainAxisSizing":null,"layoutCrossAxisSizing":null,"name":"","isVisible":false,"boundaryRectangle":null,"style":null,"prototypeNodeUUID":"","child":null,"constraints":null,"fontFamily":"Roboto","fontPostScriptName":null,"paragraphSpacing":0,"paragraphIndent":0,"listSpacing":0,"italics":null,"fontWeight":600,"fontSize":20.0,"textCase":"ORIGINAL","textDecoration":"NONE","textAutoResize":"WIDTH_AND_HEIGHT","textAlignHorizontal":"LEFT","textAlignVertical":"TOP","letterSpacing":0.0,"fills":null,"hyperLink":null,"opentypeFlags":{},"lineHeightPx":23.4375,"lineHeightPercent":100.0,"lineHeightPercentFontSize":null,"lineHeightUnit":"INTRINSIC_%","pbdlType":"text_style"},"clipsContent":null,"pbdlType":"style"},"prototypeNodeUUID":null,"child":null,"constraints":{"pinLeft":true,"pinRight":false,"pinTop":false,"pinBottom":false,"fixedHeight":true,"fixedWidth":true},"pbdlType":"text","content":"Kadeca"},"valueName":"Kadeca","pbdlType":"pbdl_override_value","ovrType":"stringValue"}],"sharedNodeSetID":null,"pbdlType":"shared_instance"},{"UUID":"20:18","layoutMainAxisSizing":"NONE","layoutCrossAxisSizing":"NONE","name":"Contact Page","isVisible":true,"boundaryRectangle":{"constrainProportions":false,"constraints":null,"height":18.0,"width":91.0,"x":2051.0,"y":-512.0,"z":1.0,"type":"boundaryBox"},"style":{"UUID":"","layoutMainAxisSizing":null,"layoutCrossAxisSizing":null,"name":"","isVisible":true,"boundaryRectangle":null,"style":null,"prototypeNodeUUID":"","child":null,"constraints":null,"fills":[{"gradientStops":null,"gradientHandlePositions":[],"imageRef":null,"color":{"a":1.0,"r":0.0,"g":0.0,"b":0.0},"opacity":100,"blendMode":"NORMAL","type":"SOLID","isEnabled":true}],"borderOptions":{"borders":[],"strokeWeight":1.0,"strokeAlign":"OUTSIDE","strokeJoin":null,"strokeDashes":null,"cornerRadius":null},"effects":[],"textStyle":{"UUID":"","layoutMainAxisSizing":null,"layoutCrossAxisSizing":null,"name":"","isVisible":false,"boundaryRectangle":null,"style":null,"prototypeNodeUUID":"","child":null,"constraints":null,"fontFamily":"Roboto","fontPostScriptName":null,"paragraphSpacing":0,"paragraphIndent":0,"listSpacing":0,"italics":null,"fontWeight":600,"fontSize":15.0,"textCase":"ORIGINAL","textDecoration":"NONE","textAutoResize":"WIDTH_AND_HEIGHT","textAlignHorizontal":"LEFT","textAlignVertical":"TOP","letterSpacing":0.0,"fills":null,"hyperLink":null,"opentypeFlags":{},"lineHeightPx":17.578125,"lineHeightPercent":100.0,"lineHeightPercentFontSize":null,"lineHeightUnit":"INTRINSIC_%","pbdlType":"text_style"},"clipsContent":null,"pbdlType":"style"},"prototypeNodeUUID":null,"child":null,"constraints":{"pinLeft":false,"pinRight":false,"pinTop":false,"pinBottom":false,"fixedHeight":true,"fixedWidth":true},"pbdlType":"text","content":"Contact Page"}]},"isVisible":true},{"UUID":"18:22","layoutMainAxisSizing":null,"layoutCrossAxisSizing":null,"name":"Navbar","boundaryRectangle":null,"style":null,"prototypeNodeUUID":null,"child":null,"constraints":null,"convert":true,"imageURI":null,"pbdlType":"screen","designNode":{"UUID":"18:22","layoutMainAxisSizing":"NONE","layoutCrossAxisSizing":"NONE","name":"Navbar","isVisible":true,"boundaryRectangle":{"constrainProportions":false,"constraints":null,"height":56.0,"width":1440.0,"x":-122.0,"y":-1264.0,"z":2.0,"type":"boundaryBox"},"style":{"UUID":"","layoutMainAxisSizing":null,"layoutCrossAxisSizing":null,"name":"","isVisible":true,"boundaryRectangle":null,"style":null,"prototypeNodeUUID":"","child":null,"constraints":null,"fills":[{"gradientStops":null,"gradientHandlePositions":[],"imageRef":null,"color":{"a":1.0,"r":0.0,"g":0.5686274766921997,"b":0.9176470637321472},"opacity":100,"blendMode":"NORMAL","type":"SOLID","isEnabled":true}],"borderOptions":{"borders":[],"strokeWeight":1.0,"strokeAlign":"INSIDE","strokeJoin":null,"strokeDashes":null,"cornerRadius":null},"effects":[],"textStyle":null,"clipsContent":false,"pbdlType":"style"},"prototypeNodeUUID":null,"child":null,"constraints":{"pinLeft":false,"pinRight":false,"pinTop":false,"pinBottom":false,"fixedHeight":false,"fixedWidth":false},"symbolID":"18:22","overrideProperties":[{"UUID":"18:33","layoutMainAxisSizing":null,"layoutCrossAxisSizing":null,"name":"ovrKadeca","child":null,"constraints":{"pinLeft":true,"pinRight":false,"pinTop":false,"pinBottom":false,"fixedHeight":true,"fixedWidth":true},"value":{"UUID":"18:33","layoutMainAxisSizing":"NONE","layoutCrossAxisSizing":"NONE","name":"Kadeca","isVisible":true,"boundaryRectangle":{"constrainProportions":false,"constraints":null,"height":23.0,"width":67.0,"x":-105.0,"y":-1248.0,"z":0.0,"type":"boundaryBox"},"style":{"UUID":"","layoutMainAxisSizing":null,"layoutCrossAxisSizing":null,"name":"","isVisible":true,"boundaryRectangle":null,"style":null,"prototypeNodeUUID":"","child":null,"constraints":null,"fills":[{"gradientStops":null,"gradientHandlePositions":[],"imageRef":null,"color":{"a":1.0,"r":0.0,"g":0.0,"b":0.0},"opacity":100,"blendMode":"NORMAL","type":"SOLID","isEnabled":true}],"borderOptions":{"borders":[],"strokeWeight":1.0,"strokeAlign":"OUTSIDE","strokeJoin":null,"strokeDashes":null,"cornerRadius":null},"effects":[],"textStyle":{"UUID":"","layoutMainAxisSizing":null,"layoutCrossAxisSizing":null,"name":"","isVisible":false,"boundaryRectangle":null,"style":null,"prototypeNodeUUID":"","child":null,"constraints":null,"fontFamily":"Roboto","fontPostScriptName":null,"paragraphSpacing":0,"paragraphIndent":0,"listSpacing":0,"italics":null,"fontWeight":600,"fontSize":20.0,"textCase":"ORIGINAL","textDecoration":"NONE","textAutoResize":"WIDTH_AND_HEIGHT","textAlignHorizontal":"LEFT","textAlignVertical":"TOP","letterSpacing":0.0,"fills":null,"hyperLink":null,"opentypeFlags":{},"lineHeightPx":23.4375,"lineHeightPercent":100.0,"lineHeightPercentFontSize":null,"lineHeightUnit":"INTRINSIC_%","pbdlType":"text_style"},"clipsContent":null,"pbdlType":"style"},"prototypeNodeUUID":null,"child":null,"constraints":{"pinLeft":true,"pinRight":false,"pinTop":false,"pinBottom":false,"fixedHeight":true,"fixedWidth":true},"pbdlType":"text","content":"Kadeca"},"pbdlType":"pbdl_override_property","ovrType":"stringValue"},{"UUID":"39:258","layoutMainAxisSizing":null,"layoutCrossAxisSizing":null,"name":"ovrMenuItem","child":null,"constraints":{"pinLeft":true,"pinRight":false,"pinTop":true,"pinBottom":false,"fixedHeight":true,"fixedWidth":true},"value":{"UUID":"39:258","layoutMainAxisSizing":"NONE","layoutCrossAxisSizing":"NONE","name":"MenuItem","isVisible":true,"boundaryRectangle":{"constrainProportions":false,"constraints":null,"height":20.0,"width":80.0,"x":1162.0,"y":-1246.0,"z":2.0,"type":"boundaryBox"},"style":{"UUID":"","layoutMainAxisSizing":null,"layoutCrossAxisSizing":null,"name":"","isVisible":true,"boundaryRectangle":null,"style":null,"prototypeNodeUUID":"","child":null,"constraints":null,"fills":[{"gradientStops":null,"gradientHandlePositions":[],"imageRef":null,"color":{"a":1.0,"r":1.0,"g":1.0,"b":1.0},"opacity":0.0,"blendMode":"NORMAL","type":"SOLID","isEnabled":true}],"borderOptions":{"borders":[],"strokeWeight":1.0,"strokeAlign":"INSIDE","strokeJoin":null,"strokeDashes":null,"cornerRadius":null},"effects":[],"textStyle":null,"clipsContent":true,"pbdlType":"style"},"prototypeNodeUUID":null,"child":null,"constraints":{"pinLeft":true,"pinRight":false,"pinTop":true,"pinBottom":false,"fixedHeight":true,"fixedWidth":true},"symbolID":"38:216","parameters":null,"overrideValues":[{"UUID":"38:167","layoutMainAxisSizing":null,"layoutCrossAxisSizing":null,"name":"Home","isVisible":true,"boundaryRectangle":null,"style":null,"prototypeNodeUUID":null,"child":null,"constraints":{"pinLeft":false,"pinRight":true,"pinTop":false,"pinBottom":false,"fixedHeight":true,"fixedWidth":true},"value":{"UUID":"I39:258;38:167","layoutMainAxisSizing":"NONE","layoutCrossAxisSizing":"NONE","name":"Home","isVisible":true,"boundaryRectangle":{"constrainProportions":false,"constraints":null,"height":19.0,"width":72.0,"x":1165.0,"y":-1245.0,"z":0.0,"type":"boundaryBox"},"style":{"UUID":"","layoutMainAxisSizing":null,"layoutCrossAxisSizing":null,"name":"","isVisible":true,"boundaryRectangle":null,"style":null,"prototypeNodeUUID":"","child":null,"constraints":null,"fills":[{"gradientStops":null,"gradientHandlePositions":[],"imageRef":null,"color":{"a":1.0,"r":0.0,"g":0.0,"b":0.0},"opacity":100,"blendMode":"NORMAL","type":"SOLID","isEnabled":true}],"borderOptions":{"borders":[],"strokeWeight":1.0,"strokeAlign":"OUTSIDE","strokeJoin":null,"strokeDashes":null,"cornerRadius":null},"effects":[],"textStyle":{"UUID":"","layoutMainAxisSizing":null,"layoutCrossAxisSizing":null,"name":"","isVisible":false,"boundaryRectangle":null,"style":null,"prototypeNodeUUID":"","child":null,"constraints":null,"fontFamily":"Roboto","fontPostScriptName":null,"paragraphSpacing":0,"paragraphIndent":0,"listSpacing":0,"italics":null,"fontWeight":600,"fontSize":15.0,"textCase":"ORIGINAL","textDecoration":"NONE","textAutoResize":"NONE","textAlignHorizontal":"LEFT","textAlignVertical":"TOP","letterSpacing":0.0,"fills":null,"hyperLink":null,"opentypeFlags":{},"lineHeightPx":17.578125,"lineHeightPercent":100.0,"lineHeightPercentFontSize":null,"lineHeightUnit":"INTRINSIC_%","pbdlType":"text_style"},"clipsContent":null,"pbdlType":"style"},"prototypeNodeUUID":"20:19","child":null,"constraints":{"pinLeft":false,"pinRight":true,"pinTop":false,"pinBottom":false,"fixedHeight":true,"fixedWidth":true},"pbdlType":"text","content":"About"},"valueName":"About","pbdlType":"pbdl_override_value","ovrType":"stringValue"}],"sharedNodeSetID":"39:279","pbdlType":"shared_instance"},"pbdlType":"pbdl_override_property","ovrType":"symbolID"},{"UUID":"38:230","layoutMainAxisSizing":null,"layoutCrossAxisSizing":null,"name":"ovrMenuItem","child":null,"constraints":{"pinLeft":false,"pinRight":false,"pinTop":false,"pinBottom":false,"fixedHeight":true,"fixedWidth":true},"value":{"UUID":"38:230","layoutMainAxisSizing":"NONE","layoutCrossAxisSizing":"NONE","name":"MenuItem","isVisible":true,"boundaryRectangle":{"constrainProportions":false,"constraints":null,"height":20.0,"width":80.0,"x":1043.0,"y":-1246.0,"z":1.0,"type":"boundaryBox"},"style":{"UUID":"","layoutMainAxisSizing":null,"layoutCrossAxisSizing":null,"name":"","isVisible":true,"boundaryRectangle":null,"style":null,"prototypeNodeUUID":"","child":null,"constraints":null,"fills":[{"gradientStops":null,"gradientHandlePositions":[],"imageRef":null,"color":{"a":1.0,"r":1.0,"g":1.0,"b":1.0},"opacity":0.0,"blendMode":"NORMAL","type":"SOLID","isEnabled":true}],"borderOptions":{"borders":[],"strokeWeight":1.0,"strokeAlign":"INSIDE","strokeJoin":null,"strokeDashes":null,"cornerRadius":null},"effects":[],"textStyle":null,"clipsContent":true,"pbdlType":"style"},"prototypeNodeUUID":null,"child":null,"constraints":{"pinLeft":false,"pinRight":false,"pinTop":false,"pinBottom":false,"fixedHeight":true,"fixedWidth":true},"symbolID":"38:216","parameters":null,"overrideValues":[{"UUID":"38:167","layoutMainAxisSizing":null,"layoutCrossAxisSizing":null,"name":"Home","isVisible":true,"boundaryRectangle":null,"style":null,"prototypeNodeUUID":null,"child":null,"constraints":{"pinLeft":false,"pinRight":true,"pinTop":false,"pinBottom":false,"fixedHeight":true,"fixedWidth":true},"value":{"UUID":"I38:230;38:167","layoutMainAxisSizing":"NONE","layoutCrossAxisSizing":"NONE","name":"Home","isVisible":true,"boundaryRectangle":{"constrainProportions":false,"constraints":null,"height":19.0,"width":72.0,"x":1046.0,"y":-1245.0,"z":0.0,"type":"boundaryBox"},"style":{"UUID":"","layoutMainAxisSizing":null,"layoutCrossAxisSizing":null,"name":"","isVisible":true,"boundaryRectangle":null,"style":null,"prototypeNodeUUID":"","child":null,"constraints":null,"fills":[{"gradientStops":null,"gradientHandlePositions":[],"imageRef":null,"color":{"a":1.0,"r":0.0,"g":0.0,"b":0.0},"opacity":100,"blendMode":"NORMAL","type":"SOLID","isEnabled":true}],"borderOptions":{"borders":[],"strokeWeight":1.0,"strokeAlign":"OUTSIDE","strokeJoin":null,"strokeDashes":null,"cornerRadius":null},"effects":[],"textStyle":{"UUID":"","layoutMainAxisSizing":null,"layoutCrossAxisSizing":null,"name":"","isVisible":false,"boundaryRectangle":null,"style":null,"prototypeNodeUUID":"","child":null,"constraints":null,"fontFamily":"Roboto","fontPostScriptName":null,"paragraphSpacing":0,"paragraphIndent":0,"listSpacing":0,"italics":null,"fontWeight":600,"fontSize":15.0,"textCase":"ORIGINAL","textDecoration":"NONE","textAutoResize":"NONE","textAlignHorizontal":"LEFT","textAlignVertical":"TOP","letterSpacing":0.0,"fills":null,"hyperLink":null,"opentypeFlags":{},"lineHeightPx":17.578125,"lineHeightPercent":100.0,"lineHeightPercentFontSize":null,"lineHeightUnit":"INTRINSIC_%","pbdlType":"text_style"},"clipsContent":null,"pbdlType":"style"},"prototypeNodeUUID":"20:19","child":null,"constraints":{"pinLeft":false,"pinRight":true,"pinTop":false,"pinBottom":false,"fixedHeight":true,"fixedWidth":true},"pbdlType":"text","content":"Contact"},"valueName":"Contact","pbdlType":"pbdl_override_value","ovrType":"stringValue"}],"sharedNodeSetID":"39:279","pbdlType":"shared_instance"},"pbdlType":"pbdl_override_property","ovrType":"symbolID"},{"UUID":"38:223","layoutMainAxisSizing":null,"layoutCrossAxisSizing":null,"name":"ovrMenuItem","child":null,"constraints":{"pinLeft":false,"pinRight":false,"pinTop":false,"pinBottom":false,"fixedHeight":true,"fixedWidth":true},"value":{"UUID":"38:223","layoutMainAxisSizing":"NONE","layoutCrossAxisSizing":"NONE","name":"MenuItem","isVisible":true,"boundaryRectangle":{"constrainProportions":false,"constraints":null,"height":20.0,"width":80.0,"x":934.0,"y":-1246.0,"z":0.0,"type":"boundaryBox"},"style":{"UUID":"","layoutMainAxisSizing":null,"layoutCrossAxisSizing":null,"name":"","isVisible":true,"boundaryRectangle":null,"style":null,"prototypeNodeUUID":"","child":null,"constraints":null,"fills":[{"gradientStops":null,"gradientHandlePositions":[],"imageRef":null,"color":{"a":1.0,"r":1.0,"g":1.0,"b":1.0},"opacity":0.0,"blendMode":"NORMAL","type":"SOLID","isEnabled":true}],"borderOptions":{"borders":[],"strokeWeight":1.0,"strokeAlign":"INSIDE","strokeJoin":null,"strokeDashes":null,"cornerRadius":null},"effects":[],"textStyle":null,"clipsContent":true,"pbdlType":"style"},"prototypeNodeUUID":null,"child":null,"constraints":{"pinLeft":false,"pinRight":false,"pinTop":false,"pinBottom":false,"fixedHeight":true,"fixedWidth":true},"symbolID":"39:280","parameters":null,"overrideValues":[{"UUID":"39:281","layoutMainAxisSizing":null,"layoutCrossAxisSizing":null,"name":"Home","isVisible":true,"boundaryRectangle":null,"style":null,"prototypeNodeUUID":null,"child":null,"constraints":{"pinLeft":false,"pinRight":true,"pinTop":false,"pinBottom":false,"fixedHeight":true,"fixedWidth":true},"value":{"UUID":"I38:223;39:281","layoutMainAxisSizing":"NONE","layoutCrossAxisSizing":"NONE","name":"Home","isVisible":true,"boundaryRectangle":{"constrainProportions":false,"constraints":null,"height":19.0,"width":72.0,"x":937.0,"y":-1245.0,"z":0.0,"type":"boundaryBox"},"style":{"UUID":"","layoutMainAxisSizing":null,"layoutCrossAxisSizing":null,"name":"","isVisible":true,"boundaryRectangle":null,"style":null,"prototypeNodeUUID":"","child":null,"constraints":null,"fills":[{"gradientStops":null,"gradientHandlePositions":[],"imageRef":null,"color":{"a":1.0,"r":0.0,"g":0.0,"b":0.0},"opacity":100,"blendMode":"NORMAL","type":"SOLID","isEnabled":true}],"borderOptions":{"borders":[],"strokeWeight":1.0,"strokeAlign":"OUTSIDE","strokeJoin":null,"strokeDashes":null,"cornerRadius":null},"effects":[],"textStyle":{"UUID":"","layoutMainAxisSizing":null,"layoutCrossAxisSizing":null,"name":"","isVisible":false,"boundaryRectangle":null,"style":null,"prototypeNodeUUID":"","child":null,"constraints":null,"fontFamily":"Roboto","fontPostScriptName":null,"paragraphSpacing":0,"paragraphIndent":0,"listSpacing":0,"italics":null,"fontWeight":600,"fontSize":15.0,"textCase":"ORIGINAL","textDecoration":"UNDERLINE","textAutoResize":"NONE","textAlignHorizontal":"LEFT","textAlignVertical":"TOP","letterSpacing":0.0,"fills":null,"hyperLink":null,"opentypeFlags":{},"lineHeightPx":17.578125,"lineHeightPercent":100.0,"lineHeightPercentFontSize":null,"lineHeightUnit":"INTRINSIC_%","pbdlType":"text_style"},"clipsContent":null,"pbdlType":"style"},"prototypeNodeUUID":null,"child":null,"constraints":{"pinLeft":false,"pinRight":true,"pinTop":false,"pinBottom":false,"fixedHeight":true,"fixedWidth":true},"pbdlType":"text","content":"Home"},"valueName":"Home","pbdlType":"pbdl_override_value","ovrType":"stringValue"}],"sharedNodeSetID":"39:279","pbdlType":"shared_instance"},"pbdlType":"pbdl_override_property","ovrType":"symbolID"}],"children":[{"UUID":"18:33","layoutMainAxisSizing":"NONE","layoutCrossAxisSizing":"NONE","name":"Kadeca","isVisible":true,"boundaryRectangle":{"constrainProportions":false,"constraints":null,"height":23.0,"width":67.0,"x":-105.0,"y":-1248.0,"z":0.0,"type":"boundaryBox"},"style":{"UUID":"","layoutMainAxisSizing":null,"layoutCrossAxisSizing":null,"name":"","isVisible":true,"boundaryRectangle":null,"style":null,"prototypeNodeUUID":"","child":null,"constraints":null,"fills":[{"gradientStops":null,"gradientHandlePositions":[],"imageRef":null,"color":{"a":1.0,"r":0.0,"g":0.0,"b":0.0},"opacity":100,"blendMode":"NORMAL","type":"SOLID","isEnabled":true}],"borderOptions":{"borders":[],"strokeWeight":1.0,"strokeAlign":"OUTSIDE","strokeJoin":null,"strokeDashes":null,"cornerRadius":null},"effects":[],"textStyle":{"UUID":"","layoutMainAxisSizing":null,"layoutCrossAxisSizing":null,"name":"","isVisible":false,"boundaryRectangle":null,"style":null,"prototypeNodeUUID":"","child":null,"constraints":null,"fontFamily":"Roboto","fontPostScriptName":null,"paragraphSpacing":0,"paragraphIndent":0,"listSpacing":0,"italics":null,"fontWeight":600,"fontSize":20.0,"textCase":"ORIGINAL","textDecoration":"NONE","textAutoResize":"WIDTH_AND_HEIGHT","textAlignHorizontal":"LEFT","textAlignVertical":"TOP","letterSpacing":0.0,"fills":null,"hyperLink":null,"opentypeFlags":{},"lineHeightPx":23.4375,"lineHeightPercent":100.0,"lineHeightPercentFontSize":null,"lineHeightUnit":"INTRINSIC_%","pbdlType":"text_style"},"clipsContent":null,"pbdlType":"style"},"prototypeNodeUUID":null,"child":null,"constraints":{"pinLeft":true,"pinRight":false,"pinTop":false,"pinBottom":false,"fixedHeight":true,"fixedWidth":true},"pbdlType":"text","content":"Kadeca"},{"UUID":"36:126","layoutMainAxisSizing":"NONE","layoutCrossAxisSizing":"NONE","name":"MenuNavbar","isVisible":true,"boundaryRectangle":{"constrainProportions":false,"constraints":null,"height":40.0,"width":343.0,"x":921.0,"y":-1256.0,"z":1.0,"type":"boundaryBox"},"style":{"UUID":"","layoutMainAxisSizing":null,"layoutCrossAxisSizing":null,"name":"","isVisible":true,"boundaryRectangle":null,"style":null,"prototypeNodeUUID":"","child":null,"constraints":null,"fills":[],"borderOptions":{"borders":[],"strokeWeight":1.0,"strokeAlign":"INSIDE","strokeJoin":null,"strokeDashes":null,"cornerRadius":null},"effects":[],"textStyle":null,"clipsContent":false,"pbdlType":"style"},"prototypeNodeUUID":null,"constraints":{"pinLeft":false,"pinRight":true,"pinTop":false,"pinBottom":false,"fixedHeight":true,"fixedWidth":true},"children":[{"UUID":"38:223","layoutMainAxisSizing":"NONE","layoutCrossAxisSizing":"NONE","name":"MenuItem","isVisible":true,"boundaryRectangle":{"constrainProportions":false,"constraints":null,"height":20.0,"width":80.0,"x":934.0,"y":-1246.0,"z":0.0,"type":"boundaryBox"},"style":{"UUID":"","layoutMainAxisSizing":null,"layoutCrossAxisSizing":null,"name":"","isVisible":true,"boundaryRectangle":null,"style":null,"prototypeNodeUUID":"","child":null,"constraints":null,"fills":[{"gradientStops":null,"gradientHandlePositions":[],"imageRef":null,"color":{"a":1.0,"r":1.0,"g":1.0,"b":1.0},"opacity":0.0,"blendMode":"NORMAL","type":"SOLID","isEnabled":true}],"borderOptions":{"borders":[],"strokeWeight":1.0,"strokeAlign":"INSIDE","strokeJoin":null,"strokeDashes":null,"cornerRadius":null},"effects":[],"textStyle":null,"clipsContent":true,"pbdlType":"style"},"prototypeNodeUUID":null,"child":null,"constraints":{"pinLeft":false,"pinRight":false,"pinTop":false,"pinBottom":false,"fixedHeight":true,"fixedWidth":true},"symbolID":"39:280","parameters":null,"overrideValues":[{"UUID":"39:281","layoutMainAxisSizing":null,"layoutCrossAxisSizing":null,"name":"Home","isVisible":true,"boundaryRectangle":null,"style":null,"prototypeNodeUUID":null,"child":null,"constraints":{"pinLeft":false,"pinRight":true,"pinTop":false,"pinBottom":false,"fixedHeight":true,"fixedWidth":true},"value":{"UUID":"I38:223;39:281","layoutMainAxisSizing":"NONE","layoutCrossAxisSizing":"NONE","name":"Home","isVisible":true,"boundaryRectangle":{"constrainProportions":false,"constraints":null,"height":19.0,"width":72.0,"x":937.0,"y":-1245.0,"z":0.0,"type":"boundaryBox"},"style":{"UUID":"","layoutMainAxisSizing":null,"layoutCrossAxisSizing":null,"name":"","isVisible":true,"boundaryRectangle":null,"style":null,"prototypeNodeUUID":"","child":null,"constraints":null,"fills":[{"gradientStops":null,"gradientHandlePositions":[],"imageRef":null,"color":{"a":1.0,"r":0.0,"g":0.0,"b":0.0},"opacity":100,"blendMode":"NORMAL","type":"SOLID","isEnabled":true}],"borderOptions":{"borders":[],"strokeWeight":1.0,"strokeAlign":"OUTSIDE","strokeJoin":null,"strokeDashes":null,"cornerRadius":null},"effects":[],"textStyle":{"UUID":"","layoutMainAxisSizing":null,"layoutCrossAxisSizing":null,"name":"","isVisible":false,"boundaryRectangle":null,"style":null,"prototypeNodeUUID":"","child":null,"constraints":null,"fontFamily":"Roboto","fontPostScriptName":null,"paragraphSpacing":0,"paragraphIndent":0,"listSpacing":0,"italics":null,"fontWeight":600,"fontSize":15.0,"textCase":"ORIGINAL","textDecoration":"UNDERLINE","textAutoResize":"NONE","textAlignHorizontal":"LEFT","textAlignVertical":"TOP","letterSpacing":0.0,"fills":null,"hyperLink":null,"opentypeFlags":{},"lineHeightPx":17.578125,"lineHeightPercent":100.0,"lineHeightPercentFontSize":null,"lineHeightUnit":"INTRINSIC_%","pbdlType":"text_style"},"clipsContent":null,"pbdlType":"style"},"prototypeNodeUUID":null,"child":null,"constraints":{"pinLeft":false,"pinRight":true,"pinTop":false,"pinBottom":false,"fixedHeight":true,"fixedWidth":true},"pbdlType":"text","content":"Home"},"valueName":"Home","pbdlType":"pbdl_override_value","ovrType":"stringValue"}],"sharedNodeSetID":"39:279","pbdlType":"shared_instance"},{"UUID":"38:230","layoutMainAxisSizing":"NONE","layoutCrossAxisSizing":"NONE","name":"MenuItem","isVisible":true,"boundaryRectangle":{"constrainProportions":false,"constraints":null,"height":20.0,"width":80.0,"x":1043.0,"y":-1246.0,"z":1.0,"type":"boundaryBox"},"style":{"UUID":"","layoutMainAxisSizing":null,"layoutCrossAxisSizing":null,"name":"","isVisible":true,"boundaryRectangle":null,"style":null,"prototypeNodeUUID":"","child":null,"constraints":null,"fills":[{"gradientStops":null,"gradientHandlePositions":[],"imageRef":null,"color":{"a":1.0,"r":1.0,"g":1.0,"b":1.0},"opacity":0.0,"blendMode":"NORMAL","type":"SOLID","isEnabled":true}],"borderOptions":{"borders":[],"strokeWeight":1.0,"strokeAlign":"INSIDE","strokeJoin":null,"strokeDashes":null,"cornerRadius":null},"effects":[],"textStyle":null,"clipsContent":true,"pbdlType":"style"},"prototypeNodeUUID":null,"child":null,"constraints":{"pinLeft":false,"pinRight":false,"pinTop":false,"pinBottom":false,"fixedHeight":true,"fixedWidth":true},"symbolID":"38:216","parameters":null,"overrideValues":[{"UUID":"38:167","layoutMainAxisSizing":null,"layoutCrossAxisSizing":null,"name":"Home","isVisible":true,"boundaryRectangle":null,"style":null,"prototypeNodeUUID":null,"child":null,"constraints":{"pinLeft":false,"pinRight":true,"pinTop":false,"pinBottom":false,"fixedHeight":true,"fixedWidth":true},"value":{"UUID":"I38:230;38:167","layoutMainAxisSizing":"NONE","layoutCrossAxisSizing":"NONE","name":"Home","isVisible":true,"boundaryRectangle":{"constrainProportions":false,"constraints":null,"height":19.0,"width":72.0,"x":1046.0,"y":-1245.0,"z":0.0,"type":"boundaryBox"},"style":{"UUID":"","layoutMainAxisSizing":null,"layoutCrossAxisSizing":null,"name":"","isVisible":true,"boundaryRectangle":null,"style":null,"prototypeNodeUUID":"","child":null,"constraints":null,"fills":[{"gradientStops":null,"gradientHandlePositions":[],"imageRef":null,"color":{"a":1.0,"r":0.0,"g":0.0,"b":0.0},"opacity":100,"blendMode":"NORMAL","type":"SOLID","isEnabled":true}],"borderOptions":{"borders":[],"strokeWeight":1.0,"strokeAlign":"OUTSIDE","strokeJoin":null,"strokeDashes":null,"cornerRadius":null},"effects":[],"textStyle":{"UUID":"","layoutMainAxisSizing":null,"layoutCrossAxisSizing":null,"name":"","isVisible":false,"boundaryRectangle":null,"style":null,"prototypeNodeUUID":"","child":null,"constraints":null,"fontFamily":"Roboto","fontPostScriptName":null,"paragraphSpacing":0,"paragraphIndent":0,"listSpacing":0,"italics":null,"fontWeight":600,"fontSize":15.0,"textCase":"ORIGINAL","textDecoration":"NONE","textAutoResize":"NONE","textAlignHorizontal":"LEFT","textAlignVertical":"TOP","letterSpacing":0.0,"fills":null,"hyperLink":null,"opentypeFlags":{},"lineHeightPx":17.578125,"lineHeightPercent":100.0,"lineHeightPercentFontSize":null,"lineHeightUnit":"INTRINSIC_%","pbdlType":"text_style"},"clipsContent":null,"pbdlType":"style"},"prototypeNodeUUID":"20:19","child":null,"constraints":{"pinLeft":false,"pinRight":true,"pinTop":false,"pinBottom":false,"fixedHeight":true,"fixedWidth":true},"pbdlType":"text","content":"Contact"},"valueName":"Contact","pbdlType":"pbdl_override_value","ovrType":"stringValue"}],"sharedNodeSetID":"39:279","pbdlType":"shared_instance"},{"UUID":"39:258","layoutMainAxisSizing":"NONE","layoutCrossAxisSizing":"NONE","name":"MenuItem","isVisible":true,"boundaryRectangle":{"constrainProportions":false,"constraints":null,"height":20.0,"width":80.0,"x":1162.0,"y":-1246.0,"z":2.0,"type":"boundaryBox"},"style":{"UUID":"","layoutMainAxisSizing":null,"layoutCrossAxisSizing":null,"name":"","isVisible":true,"boundaryRectangle":null,"style":null,"prototypeNodeUUID":"","child":null,"constraints":null,"fills":[{"gradientStops":null,"gradientHandlePositions":[],"imageRef":null,"color":{"a":1.0,"r":1.0,"g":1.0,"b":1.0},"opacity":0.0,"blendMode":"NORMAL","type":"SOLID","isEnabled":true}],"borderOptions":{"borders":[],"strokeWeight":1.0,"strokeAlign":"INSIDE","strokeJoin":null,"strokeDashes":null,"cornerRadius":null},"effects":[],"textStyle":null,"clipsContent":true,"pbdlType":"style"},"prototypeNodeUUID":null,"child":null,"constraints":{"pinLeft":true,"pinRight":false,"pinTop":true,"pinBottom":false,"fixedHeight":true,"fixedWidth":true},"symbolID":"38:216","parameters":null,"overrideValues":[{"UUID":"38:167","layoutMainAxisSizing":null,"layoutCrossAxisSizing":null,"name":"Home","isVisible":true,"boundaryRectangle":null,"style":null,"prototypeNodeUUID":null,"child":null,"constraints":{"pinLeft":false,"pinRight":true,"pinTop":false,"pinBottom":false,"fixedHeight":true,"fixedWidth":true},"value":{"UUID":"I39:258;38:167","layoutMainAxisSizing":"NONE","layoutCrossAxisSizing":"NONE","name":"Home","isVisible":true,"boundaryRectangle":{"constrainProportions":false,"constraints":null,"height":19.0,"width":72.0,"x":1165.0,"y":-1245.0,"z":0.0,"type":"boundaryBox"},"style":{"UUID":"","layoutMainAxisSizing":null,"layoutCrossAxisSizing":null,"name":"","isVisible":true,"boundaryRectangle":null,"style":null,"prototypeNodeUUID":"","child":null,"constraints":null,"fills":[{"gradientStops":null,"gradientHandlePositions":[],"imageRef":null,"color":{"a":1.0,"r":0.0,"g":0.0,"b":0.0},"opacity":100,"blendMode":"NORMAL","type":"SOLID","isEnabled":true}],"borderOptions":{"borders":[],"strokeWeight":1.0,"strokeAlign":"OUTSIDE","strokeJoin":null,"strokeDashes":null,"cornerRadius":null},"effects":[],"textStyle":{"UUID":"","layoutMainAxisSizing":null,"layoutCrossAxisSizing":null,"name":"","isVisible":false,"boundaryRectangle":null,"style":null,"prototypeNodeUUID":"","child":null,"constraints":null,"fontFamily":"Roboto","fontPostScriptName":null,"paragraphSpacing":0,"paragraphIndent":0,"listSpacing":0,"italics":null,"fontWeight":600,"fontSize":15.0,"textCase":"ORIGINAL","textDecoration":"NONE","textAutoResize":"NONE","textAlignHorizontal":"LEFT","textAlignVertical":"TOP","letterSpacing":0.0,"fills":null,"hyperLink":null,"opentypeFlags":{},"lineHeightPx":17.578125,"lineHeightPercent":100.0,"lineHeightPercentFontSize":null,"lineHeightUnit":"INTRINSIC_%","pbdlType":"text_style"},"clipsContent":null,"pbdlType":"style"},"prototypeNodeUUID":"20:19","child":null,"constraints":{"pinLeft":false,"pinRight":true,"pinTop":false,"pinBottom":false,"fixedHeight":true,"fixedWidth":true},"pbdlType":"text","content":"About"},"valueName":"About","pbdlType":"pbdl_override_value","ovrType":"stringValue"}],"sharedNodeSetID":"39:279","pbdlType":"shared_instance"}],"pbdlType":"frame","fixedRadius":null,"background":null,"autoLayoutOptions":null}],"pbdlType":"shared_master","componentSetName":null,"sharedNodeSetID":null},"isVisible":true},{"UUID":"20:19","layoutMainAxisSizing":null,"layoutCrossAxisSizing":null,"name":"MainPage","boundaryRectangle":null,"style":null,"prototypeNodeUUID":null,"child":null,"constraints":null,"convert":true,"imageURI":null,"pbdlType":"screen","designNode":{"UUID":"20:19","layoutMainAxisSizing":"NONE","layoutCrossAxisSizing":"NONE","name":"MainPage","isVisible":true,"style":{"UUID":"","layoutMainAxisSizing":null,"layoutCrossAxisSizing":null,"name":"","isVisible":true,"boundaryRectangle":null,"style":null,"prototypeNodeUUID":"","child":null,"constraints":null,"fills":[{"gradientStops":null,"gradientHandlePositions":[],"imageRef":null,"color":{"a":1.0,"r":1.0,"g":1.0,"b":1.0},"opacity":100,"blendMode":"NORMAL","type":"SOLID","isEnabled":true}],"borderOptions":{"borders":[],"strokeWeight":1.0,"strokeAlign":"INSIDE","strokeJoin":null,"strokeDashes":null,"cornerRadius":null},"effects":[],"textStyle":null,"clipsContent":true,"pbdlType":"style"},"prototypeNodeUUID":null,"child":null,"constraints":null,"backgroundColor":{"a":1.0,"r":1.0,"g":1.0,"b":1.0},"boundaryRectangle":{"constrainProportions":false,"constraints":null,"height":1024.0,"width":1440.0,"x":-122.0,"y":-810.0,"z":1.0,"type":"boundaryBox"},"isFlowHome":false,"pbdlType":"artboard","children":[{"UUID":"20:20","layoutMainAxisSizing":"NONE","layoutCrossAxisSizing":"NONE","name":"Navbar","isVisible":true,"boundaryRectangle":{"constrainProportions":false,"constraints":null,"height":56.0,"width":1440.0,"x":-122.0,"y":-810.0,"z":0.0,"type":"boundaryBox"},"style":{"UUID":"","layoutMainAxisSizing":null,"layoutCrossAxisSizing":null,"name":"","isVisible":true,"boundaryRectangle":null,"style":null,"prototypeNodeUUID":"","child":null,"constraints":null,"fills":[{"gradientStops":null,"gradientHandlePositions":[],"imageRef":null,"color":{"a":1.0,"r":0.0,"g":0.5686274766921997,"b":0.9176470637321472},"opacity":100,"blendMode":"NORMAL","type":"SOLID","isEnabled":true}],"borderOptions":{"borders":[],"strokeWeight":1.0,"strokeAlign":"INSIDE","strokeJoin":null,"strokeDashes":null,"cornerRadius":null},"effects":[],"textStyle":null,"clipsContent":false,"pbdlType":"style"},"prototypeNodeUUID":null,"child":null,"constraints":{"pinLeft":true,"pinRight":true,"pinTop":true,"pinBottom":false,"fixedHeight":true,"fixedWidth":false},"symbolID":"18:22","parameters":null,"overrideValues":[{"UUID":"18:33","layoutMainAxisSizing":null,"layoutCrossAxisSizing":null,"name":"Kadeca","isVisible":true,"boundaryRectangle":null,"style":null,"prototypeNodeUUID":null,"child":null,"constraints":{"pinLeft":true,"pinRight":false,"pinTop":false,"pinBottom":false,"fixedHeight":true,"fixedWidth":true},"value":{"UUID":"I20:20;18:33","layoutMainAxisSizing":"NONE","layoutCrossAxisSizing":"NONE","name":"Kadeca","isVisible":true,"boundaryRectangle":{"constrainProportions":false,"constraints":null,"height":23.0,"width":67.0,"x":-105.0,"y":-794.0,"z":0.0,"type":"boundaryBox"},"style":{"UUID":"","layoutMainAxisSizing":null,"layoutCrossAxisSizing":null,"name":"","isVisible":true,"boundaryRectangle":null,"style":null,"prototypeNodeUUID":"","child":null,"constraints":null,"fills":[{"gradientStops":null,"gradientHandlePositions":[],"imageRef":null,"color":{"a":1.0,"r":0.0,"g":0.0,"b":0.0},"opacity":100,"blendMode":"NORMAL","type":"SOLID","isEnabled":true}],"borderOptions":{"borders":[],"strokeWeight":1.0,"strokeAlign":"OUTSIDE","strokeJoin":null,"strokeDashes":null,"cornerRadius":null},"effects":[],"textStyle":{"UUID":"","layoutMainAxisSizing":null,"layoutCrossAxisSizing":null,"name":"","isVisible":false,"boundaryRectangle":null,"style":null,"prototypeNodeUUID":"","child":null,"constraints":null,"fontFamily":"Roboto","fontPostScriptName":null,"paragraphSpacing":0,"paragraphIndent":0,"listSpacing":0,"italics":null,"fontWeight":600,"fontSize":20.0,"textCase":"ORIGINAL","textDecoration":"NONE","textAutoResize":"WIDTH_AND_HEIGHT","textAlignHorizontal":"LEFT","textAlignVertical":"TOP","letterSpacing":0.0,"fills":null,"hyperLink":null,"opentypeFlags":{},"lineHeightPx":23.4375,"lineHeightPercent":100.0,"lineHeightPercentFontSize":null,"lineHeightUnit":"INTRINSIC_%","pbdlType":"text_style"},"clipsContent":null,"pbdlType":"style"},"prototypeNodeUUID":null,"child":null,"constraints":{"pinLeft":true,"pinRight":false,"pinTop":false,"pinBottom":false,"fixedHeight":true,"fixedWidth":true},"pbdlType":"text","content":"Kadeca"},"valueName":"Kadeca","pbdlType":"pbdl_override_value","ovrType":"stringValue"}],"sharedNodeSetID":null,"pbdlType":"shared_instance"},{"UUID":"20:21","layoutMainAxisSizing":"NONE","layoutCrossAxisSizing":"NONE","name":"Main Page","isVisible":true,"boundaryRectangle":{"constrainProportions":false,"constraints":null,"height":18.0,"width":72.0,"x":558.0,"y":-512.0,"z":1.0,"type":"boundaryBox"},"style":{"UUID":"","layoutMainAxisSizing":null,"layoutCrossAxisSizing":null,"name":"","isVisible":true,"boundaryRectangle":null,"style":null,"prototypeNodeUUID":"","child":null,"constraints":null,"fills":[{"gradientStops":null,"gradientHandlePositions":[],"imageRef":null,"color":{"a":1.0,"r":0.0,"g":0.0,"b":0.0},"opacity":100,"blendMode":"NORMAL","type":"SOLID","isEnabled":true}],"borderOptions":{"borders":[],"strokeWeight":1.0,"strokeAlign":"OUTSIDE","strokeJoin":null,"strokeDashes":null,"cornerRadius":null},"effects":[],"textStyle":{"UUID":"","layoutMainAxisSizing":null,"layoutCrossAxisSizing":null,"name":"","isVisible":false,"boundaryRectangle":null,"style":null,"prototypeNodeUUID":"","child":null,"constraints":null,"fontFamily":"Roboto","fontPostScriptName":null,"paragraphSpacing":0,"paragraphIndent":0,"listSpacing":0,"italics":null,"fontWeight":600,"fontSize":15.0,"textCase":"ORIGINAL","textDecoration":"NONE","textAutoResize":"WIDTH_AND_HEIGHT","textAlignHorizontal":"LEFT","textAlignVertical":"TOP","letterSpacing":0.0,"fills":null,"hyperLink":null,"opentypeFlags":{},"lineHeightPx":17.578125,"lineHeightPercent":100.0,"lineHeightPercentFontSize":null,"lineHeightUnit":"INTRINSIC_%","pbdlType":"text_style"},"clipsContent":null,"pbdlType":"style"},"prototypeNodeUUID":null,"child":null,"constraints":{"pinLeft":false,"pinRight":false,"pinTop":false,"pinBottom":false,"fixedHeight":true,"fixedWidth":true},"pbdlType":"text","content":"Main Page"}]},"isVisible":true},{"UUID":"38:229","layoutMainAxisSizing":null,"layoutCrossAxisSizing":null,"name":"Components","boundaryRectangle":null,"style":null,"prototypeNodeUUID":null,"child":null,"constraints":null,"convert":true,"imageURI":null,"pbdlType":"screen","designNode":{"UUID":"38:229","layoutMainAxisSizing":"NONE","layoutCrossAxisSizing":"NONE","name":"Components","isVisible":true,"style":{"UUID":"","layoutMainAxisSizing":null,"layoutCrossAxisSizing":null,"name":"","isVisible":true,"boundaryRectangle":null,"style":null,"prototypeNodeUUID":"","child":null,"constraints":null,"fills":[{"gradientStops":null,"gradientHandlePositions":[],"imageRef":null,"color":{"a":1.0,"r":1.0,"g":1.0,"b":1.0},"opacity":100,"blendMode":"NORMAL","type":"SOLID","isEnabled":true}],"borderOptions":{"borders":[],"strokeWeight":1.0,"strokeAlign":"INSIDE","strokeJoin":null,"strokeDashes":null,"cornerRadius":null},"effects":[],"textStyle":null,"clipsContent":true,"pbdlType":"style"},"prototypeNodeUUID":null,"child":null,"constraints":null,"backgroundColor":{"a":1.0,"r":1.0,"g":1.0,"b":1.0},"boundaryRectangle":{"constrainProportions":false,"constraints":null,"height":227.0,"width":271.0,"x":543.0,"y":-1132.0,"z":3.0,"type":"boundaryBox"},"isFlowHome":false,"pbdlType":"artboard","children":[null]},"isVisible":true}],"pbdlType":"page"}],"miscPages":[],"sharedStyles":[],"globalStyles":{"UUID":"","layoutMainAxisSizing":null,"layoutCrossAxisSizing":null,"name":"","isVisible":false,"boundaryRectangle":null,"style":null,"prototypeNodeUUID":null,"child":null,"constraints":null,"pbdlType":"global_styles","designSystem":"material","colors":[{"UUID":"2:17","layoutMainAxisSizing":null,"layoutCrossAxisSizing":null,"name":"Primary","isVisible":false,"boundaryRectangle":null,"style":null,"prototypeNodeUUID":null,"child":null,"constraints":null,"description":"","pbdlType":"global_color","color":{"a":1.0,"r":0.0,"g":0.5686274766921997,"b":0.9176470637321472}},{"UUID":"2:19","layoutMainAxisSizing":null,"layoutCrossAxisSizing":null,"name":"Secondary","isVisible":false,"boundaryRectangle":null,"style":null,"prototypeNodeUUID":null,"child":null,"constraints":null,"description":"","pbdlType":"global_color","color":{"a":1.0,"r":0.26274511218070984,"g":0.6274510025978088,"b":0.27843138575553894}}],"textStyles":[{"UUID":"2:20","layoutMainAxisSizing":null,"layoutCrossAxisSizing":null,"name":"Header 2","isVisible":false,"boundaryRectangle":null,"style":null,"prototypeNodeUUID":null,"child":null,"constraints":null,"description":"","pbdlType":"global_text_style","textStyle":{"UUID":"","layoutMainAxisSizing":null,"layoutCrossAxisSizing":null,"name":"","isVisible":false,"boundaryRectangle":null,"style":null,"prototypeNodeUUID":"","child":null,"constraints":null,"fontFamily":"Roboto","fontPostScriptName":null,"paragraphSpacing":0,"paragraphIndent":0,"listSpacing":0,"italics":null,"fontWeight":600,"fontSize":20.0,"textCase":"ORIGINAL","textDecoration":"NONE","textAutoResize":"WIDTH_AND_HEIGHT","textAlignHorizontal":"LEFT","textAlignVertical":"TOP","letterSpacing":0.0,"fills":null,"hyperLink":null,"opentypeFlags":{},"lineHeightPx":23.4375,"lineHeightPercent":100.0,"lineHeightPercentFontSize":null,"lineHeightUnit":"INTRINSIC_%","pbdlType":"text_style"}}],"themeColors":[],"themeTextStyles":[]},"pbdlType":"project"}